DATAFLOW,MEASURE,ASGS_2016,LABOURACCT_IND,TSEST,FREQ,TIME_PERIOD,OBS_VALUE,UNIT_MEASURE,UNIT_MULT,OBS_STATUS,OBS_COMMENT,DECIMALS
ABS:LABOUR_ACCT_Q(1.1),M28,AUS,B,20,Q,1994-Q3,41279.37612934066,HR,3,,,1
ABS:LABOUR_ACCT_Q(1.1),M28,AUS,B,20,Q,1994-Q4,42394.06484316129,HR,3,,,1
ABS:LABOUR_ACCT_Q(1.1),M28,AUS,B,20,Q,1995-Q1,45212.1510094384,HR,3,,,1
ABS:LABOUR_ACCT_Q(1.1),M28,AUS,B,20,Q,1995-Q2,46445.07581752514,HR,3,,,1
ABS:LABOUR_ACCT_Q(1.1),M28,AUS,B,20,Q,1995-Q3,48688.45085371601,HR,3,,,1
ABS:LABOUR_ACCT_Q(1.1),M28,AUS,B,20,Q,1995-Q4,51162.32810299603,HR,3,,,1
ABS:LABOUR_ACCT_Q(1.1),M28,AUS,B,20,Q,1996-Q1,49751.90728711627,HR,3,,,1
ABS:LABOUR_ACCT_Q(1.1),M28,AUS,B,20,Q,1996-Q2,49388.48045257204,HR,3,,,1
ABS:LABOUR_ACCT_Q(1.1),M28,AUS,B,20,Q,1996-Q3,50057.5039265285,HR,3,,,1
ABS:LABOUR_ACCT_Q(1.1),M28,AUS,B,20,Q,1996-Q4,49121.79110621708,HR,3,,,1
ABS:LABOUR_ACCT_Q(1.1),M28,AUS,B,20,Q,1997-Q1,51781.46739389952,HR,3,,,1
ABS:LABOUR_ACCT_Q(1.1),M28,AUS,B,20,Q,1997-Q2,51350.03094473617,HR,3,,,1
ABS:LABOUR_ACCT_Q(1.1),M28,AUS,B,20,Q,1997-Q3,50060.87778979934,HR,3,,,1
ABS:LABOUR_ACCT_Q(1.1),M28,AUS,B,20,Q,1997-Q4,52537.05881215106,HR,3,,,1
ABS:LABOUR_ACCT_Q(1.1),M28,AUS,B,20,Q,1998-Q1,50373.77073677524,HR,3,,,1
ABS:LABOUR_ACCT_Q(1.1),M28,AUS,B,20,Q,1998-Q2,49749.08122324372,HR,3,,,1
ABS:LABOUR_ACCT_Q(1.1),M28,AUS,B,20,Q,1998-Q3,49798.98656742467,HR,3,,,1
ABS:LABOUR_ACCT_Q(1.1),M28,AUS,B,20,Q,1998-Q4,42907.51719493646,HR,3,,,1
ABS:LABOUR_ACCT_Q(1.1),M28,AUS,B,20,Q,1999-Q1,46667.87694196546,HR,3,,,1
ABS:LABOUR_ACCT_Q(1.1),M28,AUS,B,20,Q,1999-Q2,46274.33553909644,HR,3,,,1
ABS:LABOUR_ACCT_Q(1.1),M28,AUS,B,20,Q,1999-Q3,44967.39462104616,HR,3,,,1
ABS:LABOUR_ACCT_Q(1.1),M28,AUS,B,20,Q,1999-Q4,43505.16603968186,HR,3,,,1
ABS:LABOUR_ACCT_Q(1.1),M28,AUS,B,20,Q,2000-Q1,39312.39427201255,HR,3,,,1
ABS:LABOUR_ACCT_Q(1.1),M28,AUS,B,20,Q,2000-Q2,42382.11959627531,HR,3,,,1
ABS:LABOUR_ACCT_Q(1.1),M28,AUS,B,20,Q,2000-Q3,41498.53942778357,HR,3,,,1
ABS:LABOUR_ACCT_Q(1.1),M28,AUS,B,20,Q,2000-Q4,42040.14792936735,HR,3,,,1
ABS:LABOUR_ACCT_Q(1.1),M28,AUS,B,20,Q,2001-Q1,44429.8006707374,HR,3,,,1
ABS:LABOUR_ACCT_Q(1.1),M28,AUS,B,20,Q,2001-Q2,40661.33229176791,HR,3,,,1
ABS:LABOUR_ACCT_Q(1.1),M28,AUS,B,20,Q,2001-Q3,42091.85078109519,HR,3,,,1
ABS:LABOUR_ACCT_Q(1.1),M28,AUS,B,20,Q,2001-Q4,41631.18325404942,HR,3,,,1
ABS:LABOUR_ACCT_Q(1.1),M28,AUS,B,20,Q,2002-Q1,42455.50135016186,HR,3,,,1
ABS:LABOUR_ACCT_Q(1.1),M28,AUS,B,20,Q,2002-Q2,42989.25882837768,HR,3,,,1
ABS:LABOUR_ACCT_Q(1.1),M28,AUS,B,20,Q,2002-Q3,42414.31194849667,HR,3,,,1
ABS:LABOUR_ACCT_Q(1.1),M28,AUS,B,20,Q,2002-Q4,42813.77846455185,HR,3,,,1
ABS:LABOUR_ACCT_Q(1.1),M28,AUS,B,20,Q,2003-Q1,42766.76768314245,HR,3,,,1
ABS:LABOUR_ACCT_Q(1.1),M28,AUS,B,20,Q,2003-Q2,43275.41023488504,HR,3,,,1
ABS:LABOUR_ACCT_Q(1.1),M28,AUS,B,20,Q,2003-Q3,44502.90656018098,HR,3,,,1
ABS:LABOUR_ACCT_Q(1.1),M28,AUS,B,20,Q,2003-Q4,43978.00474919695,HR,3,,,1
ABS:LABOUR_ACCT_Q(1.1),M28,AUS,B,20,Q,2004-Q1,42222.11887802642,HR,3,,,1
ABS:LABOUR_ACCT_Q(1.1),M28,AUS,B,20,Q,2004-Q2,41716.7366751346,HR,3,,,1
ABS:LABOUR_ACCT_Q(1.1),M28,AUS,B,20,Q,2004-Q3,41854.60378002846,HR,3,,,1
ABS:LABOUR_ACCT_Q(1.1),M28,AUS,B,20,Q,2004-Q4,42710.21613450772,HR,3,,,1
ABS:LABOUR_ACCT_Q(1.1),M28,AUS,B,20,Q,2005-Q1,44748.18388548808,HR,3,,,1
ABS:LABOUR_ACCT_Q(1.1),M28,AUS,B,20,Q,2005-Q2,48634.83210154138,HR,3,,,1
ABS:LABOUR_ACCT_Q(1.1),M28,AUS,B,20,Q,2005-Q3,48445.14159747712,HR,3,,,1
ABS:LABOUR_ACCT_Q(1.1),M28,AUS,B,20,Q,2005-Q4,53282.80011401901,HR,3,,,1
ABS:LABOUR_ACCT_Q(1.1),M28,AUS,B,20,Q,2006-Q1,56427.14166269609,HR,3,,,1
ABS:LABOUR_ACCT_Q(1.1),M28,AUS,B,20,Q,2006-Q2,55351.58339603793,HR,3,,,1
ABS:LABOUR_ACCT_Q(1.1),M28,AUS,B,20,Q,2006-Q3,59390.59883944655,HR,3,,,1
ABS:LABOUR_ACCT_Q(1.1),M28,AUS,B,20,Q,2006-Q4,58192.90270548857,HR,3,,,1
ABS:LABOUR_ACCT_Q(1.1),M28,AUS,B,20,Q,2007-Q1,56532.11243058787,HR,3,,,1
ABS:LABOUR_ACCT_Q(1.1),M28,AUS,B,20,Q,2007-Q2,60021.76380317286,HR,3,,,1
ABS:LABOUR_ACCT_Q(1.1),M28,AUS,B,20,Q,2007-Q3,60016.07225911963,HR,3,,,1
ABS:LABOUR_ACCT_Q(1.1),M28,AUS,B,20,Q,2007-Q4,61590.11873598015,HR,3,,,1
ABS:LABOUR_ACCT_Q(1.1),M28,AUS,B,20,Q,2008-Q1,62966.85914553711,HR,3,,,1
ABS:LABOUR_ACCT_Q(1.1),M28,AUS,B,20,Q,2008-Q2,64448.91877304265,HR,3,,,1
ABS:LABOUR_ACCT_Q(1.1),M28,AUS,B,20,Q,2008-Q3,71412.6948084013,HR,3,,,1
ABS:LABOUR_ACCT_Q(1.1),M28,AUS,B,20,Q,2008-Q4,72019.76333381227,HR,3,,,1
ABS:LABOUR_ACCT_Q(1.1),M28,AUS,B,20,Q,2009-Q1,74246.39604401433,HR,3,,,1
ABS:LABOUR_ACCT_Q(1.1),M28,AUS,B,20,Q,2009-Q2,73327.58675443982,HR,3,,,1
ABS:LABOUR_ACCT_Q(1.1),M28,AUS,B,20,Q,2009-Q3,66341.61436015481,HR,3,,,1
ABS:LABOUR_ACCT_Q(1.1),M28,AUS,B,20,Q,2009-Q4,72324.7164502538,HR,3,,,1
ABS:LABOUR_ACCT_Q(1.1),M28,AUS,B,20,Q,2010-Q1,76551.72713884003,HR,3,,,1
ABS:LABOUR_ACCT_Q(1.1),M28,AUS,B,20,Q,2010-Q2,78414.11810791361,HR,3,,,1
ABS:LABOUR_ACCT_Q(1.1),M28,AUS,B,20,Q,2010-Q3,74842.02585028709,HR,3,,,1
ABS:LABOUR_ACCT_Q(1.1),M28,AUS,B,20,Q,2010-Q4,79118.66076574767,HR,3,,,1
ABS:LABOUR_ACCT_Q(1.1),M28,AUS,B,20,Q,2011-Q1,80918.08066063304,HR,3,,,1
ABS:LABOUR_ACCT_Q(1.1),M28,AUS,B,20,Q,2011-Q2,83823.03647627622,HR,3,,,1
ABS:LABOUR_ACCT_Q(1.1),M28,AUS,B,20,Q,2011-Q3,89350.99676034489,HR,3,,,1
ABS:LABOUR_ACCT_Q(1.1),M28,AUS,B,20,Q,2011-Q4,91611.81363888666,HR,3,,,1
ABS:LABOUR_ACCT_Q(1.1),M28,AUS,B,20,Q,2012-Q1,99185.47461513763,HR,3,,,1
ABS:LABOUR_ACCT_Q(1.1),M28,AUS,B,20,Q,2012-Q2,101731.038461819,HR,3,,,1
ABS:LABOUR_ACCT_Q(1.1),M28,AUS,B,20,Q,2012-Q3,105940.9248848616,HR,3,,,1
ABS:LABOUR_ACCT_Q(1.1),M28,AUS,B,20,Q,2012-Q4,108068.8356646315,HR,3,,,1
ABS:LABOUR_ACCT_Q(1.1),M28,AUS,B,20,Q,2013-Q1,100959.0645955746,HR,3,,,1
ABS:LABOUR_ACCT_Q(1.1),M28,AUS,B,20,Q,2013-Q2,99975.67297714353,HR,3,,,1
ABS:LABOUR_ACCT_Q(1.1),M28,AUS,B,20,Q,2013-Q3,102122.1518723678,HR,3,,,1
ABS:LABOUR_ACCT_Q(1.1),M28,AUS,B,20,Q,2013-Q4,101346.896092938,HR,3,,,1
ABS:LABOUR_ACCT_Q(1.1),M28,AUS,B,20,Q,2014-Q1,103099.1012257441,HR,3,,,1
ABS:LABOUR_ACCT_Q(1.1),M28,AUS,B,20,Q,2014-Q2,103431.1454176601,HR,3,,,1
ABS:LABOUR_ACCT_Q(1.1),M28,AUS,B,20,Q,2014-Q3,99797.32023515053,HR,3,,,1
ABS:LABOUR_ACCT_Q(1.1),M28,AUS,B,20,Q,2014-Q4,95619.61686808219,HR,3,,,1
ABS:LABOUR_ACCT_Q(1.1),M28,AUS,B,20,Q,2015-Q1,92608.76538123033,HR,3,,,1
ABS:LABOUR_ACCT_Q(1.1),M28,AUS,B,20,Q,2015-Q2,93909.45002458859,HR,3,,,1
ABS:LABOUR_ACCT_Q(1.1),M28,AUS,B,20,Q,2015-Q3,89814.2903587785,HR,3,,,1
ABS:LABOUR_ACCT_Q(1.1),M28,AUS,B,20,Q,2015-Q4,94314.68414697904,HR,3,,,1
ABS:LABOUR_ACCT_Q(1.1),M28,AUS,B,20,Q,2016-Q1,93352.01502799617,HR,3,,,1
ABS:LABOUR_ACCT_Q(1.1),M28,AUS,B,20,Q,2016-Q2,87670.1635687588,HR,3,,,1
ABS:LABOUR_ACCT_Q(1.1),M28,AUS,B,20,Q,2016-Q3,86170.19741425988,HR,3,,,1
ABS:LABOUR_ACCT_Q(1.1),M28,AUS,B,20,Q,2016-Q4,85068.22982341128,HR,3,,,1
ABS:LABOUR_ACCT_Q(1.1),M28,AUS,B,20,Q,2017-Q1,84322.38409202298,HR,3,,,1
ABS:LABOUR_ACCT_Q(1.1),M28,AUS,B,20,Q,2017-Q2,88121.48418926564,HR,3,,,1
ABS:LABOUR_ACCT_Q(1.1),M28,AUS,B,20,Q,2017-Q3,91417.19823635205,HR,3,,,1
ABS:LABOUR_ACCT_Q(1.1),M28,AUS,B,20,Q,2017-Q4,92443.583826203,HR,3,,,1
ABS:LABOUR_ACCT_Q(1.1),M28,AUS,B,20,Q,2018-Q1,96867.63911335033,HR,3,,,1
ABS:LABOUR_ACCT_Q(1.1),M28,AUS,B,20,Q,2018-Q2,95826.97625804339,HR,3,,,1
ABS:LABOUR_ACCT_Q(1.1),M28,AUS,B,20,Q,2018-Q3,93048.7797919266,HR,3,,,1
ABS:LABOUR_ACCT_Q(1.1),M28,AUS,B,20,Q,2018-Q4,96666.53939269805,HR,3,,,1
ABS:LABOUR_ACCT_Q(1.1),M28,AUS,B,20,Q,2019-Q1,95054.34872275079,HR,3,,,1
ABS:LABOUR_ACCT_Q(1.1),M28,AUS,B,20,Q,2019-Q2,99540.3842547356,HR,3,,,1
ABS:LABOUR_ACCT_Q(1.1),M28,AUS,B,20,Q,2019-Q3,102337.1124669514,HR,3,,,1
ABS:LABOUR_ACCT_Q(1.1),M28,AUS,B,20,Q,2019-Q4,97576.69754920503,HR,3,,,1
ABS:LABOUR_ACCT_Q(1.1),M28,AUS,B,20,Q,2020-Q1,97378.09473846624,HR,3,,,1
ABS:LABOUR_ACCT_Q(1.1),M28,AUS,B,20,Q,2020-Q2,100143.7996335882,HR,3,,,1
ABS:LABOUR_ACCT_Q(1.1),M28,AUS,B,20,Q,2020-Q3,103321.022270923,HR,3,,,1
ABS:LABOUR_ACCT_Q(1.1),M28,AUS,B,20,Q,2020-Q4,99524.44785259523,HR,3,,,1
ABS:LABOUR_ACCT_Q(1.1),M28,AUS,B,20,Q,2021-Q1,104216.4497783395,HR,3,,,1
ABS:LABOUR_ACCT_Q(1.1),M28,AUS,B,20,Q,2021-Q2,98022.07422123525,HR,3,,,1
ABS:LABOUR_ACCT_Q(1.1),M28,AUS,B,20,Q,2021-Q3,98696.74942068373,HR,3,,,1
ABS:LABOUR_ACCT_Q(1.1),M28,AUS,B,20,Q,2021-Q4,104856.7852944946,HR,3,,,1
ABS:LABOUR_ACCT_Q(1.1),M28,AUS,B,20,Q,2022-Q1,107663.8940826749,HR,3,,,1
ABS:LABOUR_ACCT_Q(1.1),M28,AUS,B,20,Q,2022-Q2,103761.2976459352,HR,3,,,1
ABS:LABOUR_ACCT_Q(1.1),M28,AUS,B,20,Q,2022-Q3,103688.8921603451,HR,3,,,1
ABS:LABOUR_ACCT_Q(1.1),M28,AUS,B,20,Q,2022-Q4,108347.3380722069,HR,3,,,1
ABS:LABOUR_ACCT_Q(1.1),M28,AUS,B,20,Q,2023-Q1,112294.1242582703,HR,3,,,1
ABS:LABOUR_ACCT_Q(1.1),M28,AUS,B,20,Q,2023-Q2,114849.922756265,HR,3,,,1
ABS:LABOUR_ACCT_Q(1.1),M28,AUS,B,20,Q,2023-Q3,112905.1647419309,HR,3,,,1
ABS:LABOUR_ACCT_Q(1.1),M28,AUS,B,20,Q,2023-Q4,114622.7987907761,HR,3,,,1
ABS:LABOUR_ACCT_Q(1.1),M28,AUS,B,20,Q,2024-Q1,114824.2370543645,HR,3,,,1
ABS:LABOUR_ACCT_Q(1.1),M28,AUS,B,20,Q,2024-Q2,119367.449286247,HR,3,,,1
ABS:LABOUR_ACCT_Q(1.1),M28,AUS,B,20,Q,2024-Q3,122606.4694920743,HR,3,,,1
ABS:LABOUR_ACCT_Q(1.1),M28,AUS,B,20,Q,2024-Q4,122003.3306096059,HR,3,,,1
ABS:LABOUR_ACCT_Q(1.1),M28,AUS,B,20,Q,2025-Q1,121179.3846440491,HR,3,,,1
ABS:LABOUR_ACCT_Q(1.1),M28,AUS,B,20,Q,2025-Q2,122525.7352372938,HR,3,,,1
ABS:LABOUR_ACCT_Q(1.1),M28,AUS,B,20,Q,2025-Q3,123795.7769052409,HR,3,,,1
ABS:LABOUR_ACCT_Q(1.1),M28,AUS,B,20,Q,2025-Q4,123948.7732003754,HR,3,,,1
ABS:LABOUR_ACCT_Q(1.1),M19,AUS,B,20,Q,1994-Q3,79.6190715873,NUM,3,,,1
ABS:LABOUR_ACCT_Q(1.1),M19,AUS,B,20,Q,1994-Q4,80.579712528561,NUM,3,,,1
ABS:LABOUR_ACCT_Q(1.1),M19,AUS,B,20,Q,1995-Q1,85.988775970992,NUM,3,,,1
ABS:LABOUR_ACCT_Q(1.1),M19,AUS,B,20,Q,1995-Q2,88.609496952525,NUM,3,,,1
ABS:LABOUR_ACCT_Q(1.1),M19,AUS,B,20,Q,1995-Q3,93.455069755473,NUM,3,,,1
ABS:LABOUR_ACCT_Q(1.1),M19,AUS,B,20,Q,1995-Q4,96.945134601168,NUM,3,,,1
ABS:LABOUR_ACCT_Q(1.1),M19,AUS,B,20,Q,1996-Q1,95.978327061412,NUM,3,,,1
ABS:LABOUR_ACCT_Q(1.1),M19,AUS,B,20,Q,1996-Q2,94.807368743484,NUM,3,,,1
ABS:LABOUR_ACCT_Q(1.1),M19,AUS,B,20,Q,1996-Q3,95.587586470262,NUM,3,,,1
ABS:LABOUR_ACCT_Q(1.1),M19,AUS,B,20,Q,1996-Q4,96.505667449504,NUM,3,,,1
ABS:LABOUR_ACCT_Q(1.1),M19,AUS,B,20,Q,1997-Q1,98.224744751223,NUM,3,,,1
ABS:LABOUR_ACCT_Q(1.1),M19,AUS,B,20,Q,1997-Q2,99.186483989278,NUM,3,,,1
ABS:LABOUR_ACCT_Q(1.1),M19,AUS,B,20,Q,1997-Q3,97.027471650945,NUM,3,,,1
ABS:LABOUR_ACCT_Q(1.1),M19,AUS,B,20,Q,1997-Q4,98.239438416534,NUM,3,,,1
ABS:LABOUR_ACCT_Q(1.1),M19,AUS,B,20,Q,1998-Q1,94.761071000159,NUM,3,,,1
ABS:LABOUR_ACCT_Q(1.1),M19,AUS,B,20,Q,1998-Q2,94.257392461724,NUM,3,,,1
ABS:LABOUR_ACCT_Q(1.1),M19,AUS,B,20,Q,1998-Q3,91.361735939353,NUM,3,,,1
ABS:LABOUR_ACCT_Q(1.1),M19,AUS,B,20,Q,1998-Q4,84.026024388668,NUM,3,,,1
ABS:LABOUR_ACCT_Q(1.1),M19,AUS,B,20,Q,1999-Q1,87.518290534863,NUM,3,,,1
ABS:LABOUR_ACCT_Q(1.1),M19,AUS,B,20,Q,1999-Q2,84.564853985946,NUM,3,,,1
ABS:LABOUR_ACCT_Q(1.1),M19,AUS,B,20,Q,1999-Q3,83.939130134586,NUM,3,,,1
ABS:LABOUR_ACCT_Q(1.1),M19,AUS,B,20,Q,1999-Q4,77.81824375292,NUM,3,,,1
ABS:LABOUR_ACCT_Q(1.1),M19,AUS,B,20,Q,2000-Q1,77.529307061388,NUM,3,,,1
ABS:LABOUR_ACCT_Q(1.1),M19,AUS,B,20,Q,2000-Q2,78.019720938952,NUM,3,,,1
ABS:LABOUR_ACCT_Q(1.1),M19,AUS,B,20,Q,2000-Q3,76.385837963663,NUM,3,,,1
ABS:LABOUR_ACCT_Q(1.1),M19,AUS,B,20,Q,2000-Q4,77.823040735664,NUM,3,,,1
ABS:LABOUR_ACCT_Q(1.1),M19,AUS,B,20,Q,2001-Q1,78.43412103196,NUM,3,,,1
ABS:LABOUR_ACCT_Q(1.1),M19,AUS,B,20,Q,2001-Q2,78.734423202453,NUM,3,,,1
ABS:LABOUR_ACCT_Q(1.1),M19,AUS,B,20,Q,2001-Q3,78.62135079574,NUM,3,,,1
ABS:LABOUR_ACCT_Q(1.1),M19,AUS,B,20,Q,2001-Q4,80.057983402676,NUM,3,,,1
ABS:LABOUR_ACCT_Q(1.1),M19,AUS,B,20,Q,2002-Q1,79.432231827921,NUM,3,,,1
ABS:LABOUR_ACCT_Q(1.1),M19,AUS,B,20,Q,2002-Q2,78.381198373681,NUM,3,,,1
ABS:LABOUR_ACCT_Q(1.1),M19,AUS,B,20,Q,2002-Q3,79.583162221858,NUM,3,,,1
ABS:LABOUR_ACCT_Q(1.1),M19,AUS,B,20,Q,2002-Q4,80.310708745907,NUM,3,,,1
ABS:LABOUR_ACCT_Q(1.1),M19,AUS,B,20,Q,2003-Q1,79.900246582206,NUM,3,,,1
ABS:LABOUR_ACCT_Q(1.1),M19,AUS,B,20,Q,2003-Q2,79.143993952028,NUM,3,,,1
ABS:LABOUR_ACCT_Q(1.1),M19,AUS,B,20,Q,2003-Q3,82.52437322848,NUM,3,,,1
ABS:LABOUR_ACCT_Q(1.1),M19,AUS,B,20,Q,2003-Q4,81.738267329528,NUM,3,,,1
ABS:LABOUR_ACCT_Q(1.1),M19,AUS,B,20,Q,2004-Q1,78.288267643072,NUM,3,,,1
ABS:LABOUR_ACCT_Q(1.1),M19,AUS,B,20,Q,2004-Q2,77.767926385453,NUM,3,,,1
ABS:LABOUR_ACCT_Q(1.1),M19,AUS,B,20,Q,2004-Q3,77.825242578128,NUM,3,,,1
ABS:LABOUR_ACCT_Q(1.1),M19,AUS,B,20,Q,2004-Q4,78.945540762755,NUM,3,,,1
ABS:LABOUR_ACCT_Q(1.1),M19,AUS,B,20,Q,2005-Q1,84.270656850753,NUM,3,,,1
ABS:LABOUR_ACCT_Q(1.1),M19,AUS,B,20,Q,2005-Q2,89.349184021454,NUM,3,,,1
ABS:LABOUR_ACCT_Q(1.1),M19,AUS,B,20,Q,2005-Q3,91.247849819744,NUM,3,,,1
ABS:LABOUR_ACCT_Q(1.1),M19,AUS,B,20,Q,2005-Q4,98.183154711442,NUM,3,,,1
ABS:LABOUR_ACCT_Q(1.1),M19,AUS,B,20,Q,2006-Q1,105.376866133343,NUM,3,,,1
ABS:LABOUR_ACCT_Q(1.1),M19,AUS,B,20,Q,2006-Q2,105.681430149031,NUM,3,,,1
ABS:LABOUR_ACCT_Q(1.1),M19,AUS,B,20,Q,2006-Q3,109.122453854768,NUM,3,,,1
ABS:LABOUR_ACCT_Q(1.1),M19,AUS,B,20,Q,2006-Q4,108.715794605425,NUM,3,,,1
ABS:LABOUR_ACCT_Q(1.1),M19,AUS,B,20,Q,2007-Q1,106.539979677374,NUM,3,,,1
ABS:LABOUR_ACCT_Q(1.1),M19,AUS,B,20,Q,2007-Q2,112.666607186827,NUM,3,,,1
ABS:LABOUR_ACCT_Q(1.1),M19,AUS,B,20,Q,2007-Q3,115.839336644464,NUM,3,,,1
ABS:LABOUR_ACCT_Q(1.1),M19,AUS,B,20,Q,2007-Q4,115.620385774342,NUM,3,,,1
ABS:LABOUR_ACCT_Q(1.1),M19,AUS,B,20,Q,2008-Q1,117.622268732906,NUM,3,,,1
ABS:LABOUR_ACCT_Q(1.1),M19,AUS,B,20,Q,2008-Q2,122.235133133808,NUM,3,,,1
ABS:LABOUR_ACCT_Q(1.1),M19,AUS,B,20,Q,2008-Q3,132.158337385847,NUM,3,,,1
ABS:LABOUR_ACCT_Q(1.1),M19,AUS,B,20,Q,2008-Q4,139.22409926171,NUM,3,,,1
ABS:LABOUR_ACCT_Q(1.1),M19,AUS,B,20,Q,2009-Q1,139.229882929392,NUM,3,,,1
ABS:LABOUR_ACCT_Q(1.1),M19,AUS,B,20,Q,2009-Q2,136.073213421231,NUM,3,,,1
ABS:LABOUR_ACCT_Q(1.1),M19,AUS,B,20,Q,2009-Q3,131.323598107759,NUM,3,,,1
ABS:LABOUR_ACCT_Q(1.1),M19,AUS,B,20,Q,2009-Q4,133.330847409152,NUM,3,,,1
ABS:LABOUR_ACCT_Q(1.1),M19,AUS,B,20,Q,2010-Q1,140.204177093519,NUM,3,,,1
ABS:LABOUR_ACCT_Q(1.1),M19,AUS,B,20,Q,2010-Q2,142.166771474534,NUM,3,,,1
ABS:LABOUR_ACCT_Q(1.1),M19,AUS,B,20,Q,2010-Q3,142.583531348372,NUM,3,,,1
ABS:LABOUR_ACCT_Q(1.1),M19,AUS,B,20,Q,2010-Q4,146.321092387203,NUM,3,,,1
ABS:LABOUR_ACCT_Q(1.1),M19,AUS,B,20,Q,2011-Q1,146.960603658252,NUM,3,,,1
ABS:LABOUR_ACCT_Q(1.1),M19,AUS,B,20,Q,2011-Q2,153.508649677981,NUM,3,,,1
ABS:LABOUR_ACCT_Q(1.1),M19,AUS,B,20,Q,2011-Q3,162.529373784342,NUM,3,,,1
ABS:LABOUR_ACCT_Q(1.1),M19,AUS,B,20,Q,2011-Q4,170.106966643894,NUM,3,,,1
ABS:LABOUR_ACCT_Q(1.1),M19,AUS,B,20,Q,2012-Q1,184.915865770529,NUM,3,,,1
ABS:LABOUR_ACCT_Q(1.1),M19,AUS,B,20,Q,2012-Q2,186.463216515443,NUM,3,,,1
ABS:LABOUR_ACCT_Q(1.1),M19,AUS,B,20,Q,2012-Q3,193.638454578199,NUM,3,,,1
ABS:LABOUR_ACCT_Q(1.1),M19,AUS,B,20,Q,2012-Q4,194.021905707798,NUM,3,,,1
ABS:LABOUR_ACCT_Q(1.1),M19,AUS,B,20,Q,2013-Q1,183.500656922813,NUM,3,,,1
ABS:LABOUR_ACCT_Q(1.1),M19,AUS,B,20,Q,2013-Q2,188.807401176775,NUM,3,,,1
ABS:LABOUR_ACCT_Q(1.1),M19,AUS,B,20,Q,2013-Q3,190.777787363185,NUM,3,,,1
ABS:LABOUR_ACCT_Q(1.1),M19,AUS,B,20,Q,2013-Q4,186.335385937017,NUM,3,,,1
ABS:LABOUR_ACCT_Q(1.1),M19,AUS,B,20,Q,2014-Q1,189.506228553001,NUM,3,,,1
ABS:LABOUR_ACCT_Q(1.1),M19,AUS,B,20,Q,2014-Q2,186.149775962905,NUM,3,,,1
ABS:LABOUR_ACCT_Q(1.1),M19,AUS,B,20,Q,2014-Q3,179.859165545109,NUM,3,,,1
ABS:LABOUR_ACCT_Q(1.1),M19,AUS,B,20,Q,2014-Q4,180.69661269534,NUM,3,,,1
ABS:LABOUR_ACCT_Q(1.1),M19,AUS,B,20,Q,2015-Q1,177.45826398965,NUM,3,,,1
ABS:LABOUR_ACCT_Q(1.1),M19,AUS,B,20,Q,2015-Q2,175.977887913983,NUM,3,,,1
ABS:LABOUR_ACCT_Q(1.1),M19,AUS,B,20,Q,2015-Q3,172.204284795807,NUM,3,,,1
ABS:LABOUR_ACCT_Q(1.1),M19,AUS,B,20,Q,2015-Q4,171.450713345795,NUM,3,,,1
ABS:LABOUR_ACCT_Q(1.1),M19,AUS,B,20,Q,2016-Q1,165.532463228429,NUM,3,,,1
ABS:LABOUR_ACCT_Q(1.1),M19,AUS,B,20,Q,2016-Q2,164.463816324886,NUM,3,,,1
ABS:LABOUR_ACCT_Q(1.1),M19,AUS,B,20,Q,2016-Q3,158.220245311141,NUM,3,,,1
ABS:LABOUR_ACCT_Q(1.1),M19,AUS,B,20,Q,2016-Q4,155.097073268021,NUM,3,,,1
ABS:LABOUR_ACCT_Q(1.1),M19,AUS,B,20,Q,2017-Q1,156.379076421886,NUM,3,,,1
ABS:LABOUR_ACCT_Q(1.1),M19,AUS,B,20,Q,2017-Q2,158.498161506183,NUM,3,,,1
ABS:LABOUR_ACCT_Q(1.1),M19,AUS,B,20,Q,2017-Q3,164.365744457207,NUM,3,,,1
ABS:LABOUR_ACCT_Q(1.1),M19,AUS,B,20,Q,2017-Q4,167.026120726827,NUM,3,,,1
ABS:LABOUR_ACCT_Q(1.1),M19,AUS,B,20,Q,2018-Q1,174.760136737043,NUM,3,,,1
ABS:LABOUR_ACCT_Q(1.1),M19,AUS,B,20,Q,2018-Q2,170.733213829148,NUM,3,,,1
ABS:LABOUR_ACCT_Q(1.1),M19,AUS,B,20,Q,2018-Q3,171.761782110328,NUM,3,,,1
ABS:LABOUR_ACCT_Q(1.1),M19,AUS,B,20,Q,2018-Q4,174.224947917452,NUM,3,,,1
ABS:LABOUR_ACCT_Q(1.1),M19,AUS,B,20,Q,2019-Q1,171.85814552102,NUM,3,,,1
ABS:LABOUR_ACCT_Q(1.1),M19,AUS,B,20,Q,2019-Q2,179.952524612567,NUM,3,,,1
ABS:LABOUR_ACCT_Q(1.1),M19,AUS,B,20,Q,2019-Q3,184.943700808705,NUM,3,,,1
ABS:LABOUR_ACCT_Q(1.1),M19,AUS,B,20,Q,2019-Q4,183.003051845702,NUM,3,,,1
ABS:LABOUR_ACCT_Q(1.1),M19,AUS,B,20,Q,2020-Q1,184.491907298008,NUM,3,,,1
ABS:LABOUR_ACCT_Q(1.1),M19,AUS,B,20,Q,2020-Q2,180.318368003778,NUM,3,,,1
ABS:LABOUR_ACCT_Q(1.1),M19,AUS,B,20,Q,2020-Q3,181.399038483906,NUM,3,,,1
ABS:LABOUR_ACCT_Q(1.1),M19,AUS,B,20,Q,2020-Q4,182.956376717517,NUM,3,,,1
ABS:LABOUR_ACCT_Q(1.1),M19,AUS,B,20,Q,2021-Q1,186.665254569549,NUM,3,,,1
ABS:LABOUR_ACCT_Q(1.1),M19,AUS,B,20,Q,2021-Q2,184.998547441838,NUM,3,,,1
ABS:LABOUR_ACCT_Q(1.1),M19,AUS,B,20,Q,2021-Q3,180.748932729259,NUM,3,,,1
ABS:LABOUR_ACCT_Q(1.1),M19,AUS,B,20,Q,2021-Q4,203.419962524134,NUM,3,,,1
ABS:LABOUR_ACCT_Q(1.1),M19,AUS,B,20,Q,2022-Q1,201.067465321287,NUM,3,,,1
ABS:LABOUR_ACCT_Q(1.1),M19,AUS,B,20,Q,2022-Q2,203.060485672071,NUM,3,,,1
ABS:LABOUR_ACCT_Q(1.1),M19,AUS,B,20,Q,2022-Q3,196.916482302608,NUM,3,,,1
ABS:LABOUR_ACCT_Q(1.1),M19,AUS,B,20,Q,2022-Q4,202.870526090815,NUM,3,,,1
ABS:LABOUR_ACCT_Q(1.1),M19,AUS,B,20,Q,2023-Q1,206.964348461934,NUM,3,,,1
ABS:LABOUR_ACCT_Q(1.1),M19,AUS,B,20,Q,2023-Q2,211.596531833758,NUM,3,,,1
ABS:LABOUR_ACCT_Q(1.1),M19,AUS,B,20,Q,2023-Q3,216.218925433536,NUM,3,,,1
ABS:LABOUR_ACCT_Q(1.1),M19,AUS,B,20,Q,2023-Q4,217.141925667239,NUM,3,,,1
ABS:LABOUR_ACCT_Q(1.1),M19,AUS,B,20,Q,2024-Q1,219.155693051057,NUM,3,,,1
ABS:LABOUR_ACCT_Q(1.1),M19,AUS,B,20,Q,2024-Q2,227.862169444604,NUM,3,,,1
ABS:LABOUR_ACCT_Q(1.1),M19,AUS,B,20,Q,2024-Q3,231.601386728362,NUM,3,,,1
ABS:LABOUR_ACCT_Q(1.1),M19,AUS,B,20,Q,2024-Q4,229.168455647828,NUM,3,,,1
ABS:LABOUR_ACCT_Q(1.1),M19,AUS,B,20,Q,2025-Q1,226.638861515533,NUM,3,,,1
ABS:LABOUR_ACCT_Q(1.1),M19,AUS,B,20,Q,2025-Q2,223.924102336666,NUM,3,,,1
ABS:LABOUR_ACCT_Q(1.1),M19,AUS,B,20,Q,2025-Q3,224.698749945035,NUM,3,,,1
ABS:LABOUR_ACCT_Q(1.1),M19,AUS,B,20,Q,2025-Q4,228.689197665991,NUM,3,,,1
ABS:LABOUR_ACCT_Q(1.1),M19,AUS,TOTAL,20,Q,1994-Q3,8224.912040930309,NUM,3,,,1
ABS:LABOUR_ACCT_Q(1.1),M19,AUS,TOTAL,20,Q,1994-Q4,8284.491550017277,NUM,3,,,1
ABS:LABOUR_ACCT_Q(1.1),M19,AUS,TOTAL,20,Q,1995-Q1,8351.192733263939,NUM,3,,,1
ABS:LABOUR_ACCT_Q(1.1),M19,AUS,TOTAL,20,Q,1995-Q2,8428.150411372471,NUM,3,,,1
ABS:LABOUR_ACCT_Q(1.1),M19,AUS,TOTAL,20,Q,1995-Q3,8463.658179437081,NUM,3,,,1
ABS:LABOUR_ACCT_Q(1.1),M19,AUS,TOTAL,20,Q,1995-Q4,8509.337332713767,NUM,3,,,1
ABS:LABOUR_ACCT_Q(1.1),M19,AUS,TOTAL,20,Q,1996-Q1,8530.260843900822,NUM,3,,,1
ABS:LABOUR_ACCT_Q(1.1),M19,AUS,TOTAL,20,Q,1996-Q2,8548.453538294245,NUM,3,,,1
ABS:LABOUR_ACCT_Q(1.1),M19,AUS,TOTAL,20,Q,1996-Q3,8547.624785427712,NUM,3,,,1
ABS:LABOUR_ACCT_Q(1.1),M19,AUS,TOTAL,20,Q,1996-Q4,8561.387590106706,NUM,3,,,1
ABS:LABOUR_ACCT_Q(1.1),M19,AUS,TOTAL,20,Q,1997-Q1,8591.418598448889,NUM,3,,,1
ABS:LABOUR_ACCT_Q(1.1),M19,AUS,TOTAL,20,Q,1997-Q2,8545.89012365427,NUM,3,,,1
ABS:LABOUR_ACCT_Q(1.1),M19,AUS,TOTAL,20,Q,1997-Q3,8639.769695038376,NUM,3,,,1
ABS:LABOUR_ACCT_Q(1.1),M19,AUS,TOTAL,20,Q,1997-Q4,8688.379946803121,NUM,3,,,1
ABS:LABOUR_ACCT_Q(1.1),M19,AUS,TOTAL,20,Q,1998-Q1,8697.348156414058,NUM,3,,,1
ABS:LABOUR_ACCT_Q(1.1),M19,AUS,TOTAL,20,Q,1998-Q2,8749.350322795579,NUM,3,,,1
ABS:LABOUR_ACCT_Q(1.1),M19,AUS,TOTAL,20,Q,1998-Q3,8828.027288328549,NUM,3,,,1
ABS:LABOUR_ACCT_Q(1.1),M19,AUS,TOTAL,20,Q,1998-Q4,8811.094207686067,NUM,3,,,1
ABS:LABOUR_ACCT_Q(1.1),M19,AUS,TOTAL,20,Q,1999-Q1,8869.564439999718,NUM,3,,,1
ABS:LABOUR_ACCT_Q(1.1),M19,AUS,TOTAL,20,Q,1999-Q2,8891.012583959238,NUM,3,,,1
ABS:LABOUR_ACCT_Q(1.1),M19,AUS,TOTAL,20,Q,1999-Q3,8930.277251571932,NUM,3,,,1
ABS:LABOUR_ACCT_Q(1.1),M19,AUS,TOTAL,20,Q,1999-Q4,9024.759339923143,NUM,3,,,1
ABS:LABOUR_ACCT_Q(1.1),M19,AUS,TOTAL,20,Q,2000-Q1,9082.460585718101,NUM,3,,,1
ABS:LABOUR_ACCT_Q(1.1),M19,AUS,TOTAL,20,Q,2000-Q2,9153.351867024076,NUM,3,,,1
ABS:LABOUR_ACCT_Q(1.1),M19,AUS,TOTAL,20,Q,2000-Q3,9246.927656423792,NUM,3,,,1
ABS:LABOUR_ACCT_Q(1.1),M19,AUS,TOTAL,20,Q,2000-Q4,9197.799620464475,NUM,3,,,1
ABS:LABOUR_ACCT_Q(1.1),M19,AUS,TOTAL,20,Q,2001-Q1,9219.08331971905,NUM,3,,,1
ABS:LABOUR_ACCT_Q(1.1),M19,AUS,TOTAL,20,Q,2001-Q2,9269.17417885228,NUM,3,,,1
ABS:LABOUR_ACCT_Q(1.1),M19,AUS,TOTAL,20,Q,2001-Q3,9289.796512251685,NUM,3,,,1
ABS:LABOUR_ACCT_Q(1.1),M19,AUS,TOTAL,20,Q,2001-Q4,9313.823116875408,NUM,3,,,1
ABS:LABOUR_ACCT_Q(1.1),M19,AUS,TOTAL,20,Q,2002-Q1,9368.62209829798,NUM,3,,,1
ABS:LABOUR_ACCT_Q(1.1),M19,AUS,TOTAL,20,Q,2002-Q2,9412.855403214675,NUM,3,,,1
ABS:LABOUR_ACCT_Q(1.1),M19,AUS,TOTAL,20,Q,2002-Q3,9482.406782321641,NUM,3,,,1
ABS:LABOUR_ACCT_Q(1.1),M19,AUS,TOTAL,20,Q,2002-Q4,9585.362824252757,NUM,3,,,1
ABS:LABOUR_ACCT_Q(1.1),M19,AUS,TOTAL,20,Q,2003-Q1,9605.539526001912,NUM,3,,,1
ABS:LABOUR_ACCT_Q(1.1),M19,AUS,TOTAL,20,Q,2003-Q2,9603.791420280942,NUM,3,,,1
ABS:LABOUR_ACCT_Q(1.1),M19,AUS,TOTAL,20,Q,2003-Q3,9678.63740004951,NUM,3,,,1
ABS:LABOUR_ACCT_Q(1.1),M19,AUS,TOTAL,20,Q,2003-Q4,9743.450221216506,NUM,3,,,1
ABS:LABOUR_ACCT_Q(1.1),M19,AUS,TOTAL,20,Q,2004-Q1,9771.535547451922,NUM,3,,,1
ABS:LABOUR_ACCT_Q(1.1),M19,AUS,TOTAL,20,Q,2004-Q2,9808.927304658137,NUM,3,,,1
ABS:LABOUR_ACCT_Q(1.1),M19,AUS,TOTAL,20,Q,2004-Q3,9872.890100980803,NUM,3,,,1
ABS:LABOUR_ACCT_Q(1.1),M19,AUS,TOTAL,20,Q,2004-Q4,9971.719823136076,NUM,3,,,1
ABS:LABOUR_ACCT_Q(1.1),M19,AUS,TOTAL,20,Q,2005-Q1,10096.10602516215,NUM,3,,,1
ABS:LABOUR_ACCT_Q(1.1),M19,AUS,TOTAL,20,Q,2005-Q2,10165.4993745161,NUM,3,,,1
ABS:LABOUR_ACCT_Q(1.1),M19,AUS,TOTAL,20,Q,2005-Q3,10210.37064929962,NUM,3,,,1
ABS:LABOUR_ACCT_Q(1.1),M19,AUS,TOTAL,20,Q,2005-Q4,10207.3249493571,NUM,3,,,1
ABS:LABOUR_ACCT_Q(1.1),M19,AUS,TOTAL,20,Q,2006-Q1,10297.60182753305,NUM,3,,,1
ABS:LABOUR_ACCT_Q(1.1),M19,AUS,TOTAL,20,Q,2006-Q2,10401.96591698684,NUM,3,,,1
ABS:LABOUR_ACCT_Q(1.1),M19,AUS,TOTAL,20,Q,2006-Q3,10524.31304459514,NUM,3,,,1
ABS:LABOUR_ACCT_Q(1.1),M19,AUS,TOTAL,20,Q,2006-Q4,10561.19764208531,NUM,3,,,1
ABS:LABOUR_ACCT_Q(1.1),M19,AUS,TOTAL,20,Q,2007-Q1,10619.54127819516,NUM,3,,,1
ABS:LABOUR_ACCT_Q(1.1),M19,AUS,TOTAL,20,Q,2007-Q2,10707.52110251984,NUM,3,,,1
ABS:LABOUR_ACCT_Q(1.1),M19,AUS,TOTAL,20,Q,2007-Q3,10784.8616406549,NUM,3,,,1
ABS:LABOUR_ACCT_Q(1.1),M19,AUS,TOTAL,20,Q,2007-Q4,10874.59871537051,NUM,3,,,1
ABS:LABOUR_ACCT_Q(1.1),M19,AUS,TOTAL,20,Q,2008-Q1,10960.37366116425,NUM,3,,,1
ABS:LABOUR_ACCT_Q(1.1),M19,AUS,TOTAL,20,Q,2008-Q2,11022.15749976319,NUM,3,,,1
ABS:LABOUR_ACCT_Q(1.1),M19,AUS,TOTAL,20,Q,2008-Q3,11053.23061167996,NUM,3,,,1
ABS:LABOUR_ACCT_Q(1.1),M19,AUS,TOTAL,20,Q,2008-Q4,11071.77143875862,NUM,3,,,1
ABS:LABOUR_ACCT_Q(1.1),M19,AUS,TOTAL,20,Q,2009-Q1,11056.01712114451,NUM,3,,,1
ABS:LABOUR_ACCT_Q(1.1),M19,AUS,TOTAL,20,Q,2009-Q2,11038.65058187169,NUM,3,,,1
ABS:LABOUR_ACCT_Q(1.1),M19,AUS,TOTAL,20,Q,2009-Q3,11066.9906911114,NUM,3,,,1
ABS:LABOUR_ACCT_Q(1.1),M19,AUS,TOTAL,20,Q,2009-Q4,11161.7428548114,NUM,3,,,1
ABS:LABOUR_ACCT_Q(1.1),M19,AUS,TOTAL,20,Q,2010-Q1,11190.20053265452,NUM,3,,,1
ABS:LABOUR_ACCT_Q(1.1),M19,AUS,TOTAL,20,Q,2010-Q2,11271.17177863748,NUM,3,,,1
ABS:LABOUR_ACCT_Q(1.1),M19,AUS,TOTAL,20,Q,2010-Q3,11356.05079701643,NUM,3,,,1
ABS:LABOUR_ACCT_Q(1.1),M19,AUS,TOTAL,20,Q,2010-Q4,11439.7191806834,NUM,3,,,1
ABS:LABOUR_ACCT_Q(1.1),M19,AUS,TOTAL,20,Q,2011-Q1,11473.37812882257,NUM,3,,,1
ABS:LABOUR_ACCT_Q(1.1),M19,AUS,TOTAL,20,Q,2011-Q2,11477.2183584668,NUM,3,,,1
ABS:LABOUR_ACCT_Q(1.1),M19,AUS,TOTAL,20,Q,2011-Q3,11538.87533047481,NUM,3,,,1
ABS:LABOUR_ACCT_Q(1.1),M19,AUS,TOTAL,20,Q,2011-Q4,11511.72341187458,NUM,3,,,1
ABS:LABOUR_ACCT_Q(1.1),M19,AUS,TOTAL,20,Q,2012-Q1,11595.99138272807,NUM,3,,,1
ABS:LABOUR_ACCT_Q(1.1),M19,AUS,TOTAL,20,Q,2012-Q2,11629.40055611755,NUM,3,,,1
ABS:LABOUR_ACCT_Q(1.1),M19,AUS,TOTAL,20,Q,2012-Q3,11686.02056603665,NUM,3,,,1
ABS:LABOUR_ACCT_Q(1.1),M19,AUS,TOTAL,20,Q,2012-Q4,11700.71451085216,NUM,3,,,1
ABS:LABOUR_ACCT_Q(1.1),M19,AUS,TOTAL,20,Q,2013-Q1,11705.31892795024,NUM,3,,,1
ABS:LABOUR_ACCT_Q(1.1),M19,AUS,TOTAL,20,Q,2013-Q2,11746.871545387,NUM,3,,,1
ABS:LABOUR_ACCT_Q(1.1),M19,AUS,TOTAL,20,Q,2013-Q3,11764.33977082523,NUM,3,,,1
ABS:LABOUR_ACCT_Q(1.1),M19,AUS,TOTAL,20,Q,2013-Q4,11673.42598400207,NUM,3,,,1
ABS:LABOUR_ACCT_Q(1.1),M19,AUS,TOTAL,20,Q,2014-Q1,11787.81096245031,NUM,3,,,1
ABS:LABOUR_ACCT_Q(1.1),M19,AUS,TOTAL,20,Q,2014-Q2,11807.92026821313,NUM,3,,,1
ABS:LABOUR_ACCT_Q(1.1),M19,AUS,TOTAL,20,Q,2014-Q3,11781.27430306971,NUM,3,,,1
ABS:LABOUR_ACCT_Q(1.1),M19,AUS,TOTAL,20,Q,2014-Q4,11870.93912391354,NUM,3,,,1
ABS:LABOUR_ACCT_Q(1.1),M19,AUS,TOTAL,20,Q,2015-Q1,11956.36051064874,NUM,3,,,1
ABS:LABOUR_ACCT_Q(1.1),M19,AUS,TOTAL,20,Q,2015-Q2,12002.59095529297,NUM,3,,,1
ABS:LABOUR_ACCT_Q(1.1),M19,AUS,TOTAL,20,Q,2015-Q3,12049.27797893249,NUM,3,,,1
ABS:LABOUR_ACCT_Q(1.1),M19,AUS,TOTAL,20,Q,2015-Q4,12165.69692306006,NUM,3,,,1
ABS:LABOUR_ACCT_Q(1.1),M19,AUS,TOTAL,20,Q,2016-Q1,12189.69570963597,NUM,3,,,1
ABS:LABOUR_ACCT_Q(1.1),M19,AUS,TOTAL,20,Q,2016-Q2,12222.49539373541,NUM,3,,,1
ABS:LABOUR_ACCT_Q(1.1),M19,AUS,TOTAL,20,Q,2016-Q3,12211.38075873765,NUM,3,,,1
ABS:LABOUR_ACCT_Q(1.1),M19,AUS,TOTAL,20,Q,2016-Q4,12297.95682833338,NUM,3,,,1
ABS:LABOUR_ACCT_Q(1.1),M19,AUS,TOTAL,20,Q,2017-Q1,12339.88699388747,NUM,3,,,1
ABS:LABOUR_ACCT_Q(1.1),M19,AUS,TOTAL,20,Q,2017-Q2,12447.68558226417,NUM,3,,,1
ABS:LABOUR_ACCT_Q(1.1),M19,AUS,TOTAL,20,Q,2017-Q3,12587.56756155004,NUM,3,,,1
ABS:LABOUR_ACCT_Q(1.1),M19,AUS,TOTAL,20,Q,2017-Q4,12632.95747810684,NUM,3,,,1
ABS:LABOUR_ACCT_Q(1.1),M19,AUS,TOTAL,20,Q,2018-Q1,12720.1538649565,NUM,3,,,1
ABS:LABOUR_ACCT_Q(1.1),M19,AUS,TOTAL,20,Q,2018-Q2,12810.81794670603,NUM,3,,,1
ABS:LABOUR_ACCT_Q(1.1),M19,AUS,TOTAL,20,Q,2018-Q3,12877.66792736036,NUM,3,,,1
ABS:LABOUR_ACCT_Q(1.1),M19,AUS,TOTAL,20,Q,2018-Q4,12945.80188116446,NUM,3,,,1
ABS:LABOUR_ACCT_Q(1.1),M19,AUS,TOTAL,20,Q,2019-Q1,13029.02990126331,NUM,3,,,1
ABS:LABOUR_ACCT_Q(1.1),M19,AUS,TOTAL,20,Q,2019-Q2,13074.80483189087,NUM,3,,,1
ABS:LABOUR_ACCT_Q(1.1),M19,AUS,TOTAL,20,Q,2019-Q3,13174.05234922968,NUM,3,,,1
ABS:LABOUR_ACCT_Q(1.1),M19,AUS,TOTAL,20,Q,2019-Q4,13209.06536846627,NUM,3,,,1
ABS:LABOUR_ACCT_Q(1.1),M19,AUS,TOTAL,20,Q,2020-Q1,13161.42644938537,NUM,3,,,1
ABS:LABOUR_ACCT_Q(1.1),M19,AUS,TOTAL,20,Q,2020-Q2,12484.22574295736,NUM,3,,,1
ABS:LABOUR_ACCT_Q(1.1),M19,AUS,TOTAL,20,Q,2020-Q3,12728.95773778797,NUM,3,,,1
ABS:LABOUR_ACCT_Q(1.1),M19,AUS,TOTAL,20,Q,2020-Q4,13047.28648854288,NUM,3,,,1
ABS:LABOUR_ACCT_Q(1.1),M19,AUS,TOTAL,20,Q,2021-Q1,13171.01160935375,NUM,3,,,1
ABS:LABOUR_ACCT_Q(1.1),M19,AUS,TOTAL,20,Q,2021-Q2,13287.91481454361,NUM,3,,,1
ABS:LABOUR_ACCT_Q(1.1),M19,AUS,TOTAL,20,Q,2021-Q3,13006.08579476948,NUM,3,,,1
ABS:LABOUR_ACCT_Q(1.1),M19,AUS,TOTAL,20,Q,2021-Q4,13524.32115045807,NUM,3,,,1
ABS:LABOUR_ACCT_Q(1.1),M19,AUS,TOTAL,20,Q,2022-Q1,13641.97211508784,NUM,3,,,1
ABS:LABOUR_ACCT_Q(1.1),M19,AUS,TOTAL,20,Q,2022-Q2,13863.79958354943,NUM,3,,,1
ABS:LABOUR_ACCT_Q(1.1),M19,AUS,TOTAL,20,Q,2022-Q3,13944.1944416322,NUM,3,,,1
ABS:LABOUR_ACCT_Q(1.1),M19,AUS,TOTAL,20,Q,2022-Q4,14124.08583159133,NUM,3,,,1
ABS:LABOUR_ACCT_Q(1.1),M19,AUS,TOTAL,20,Q,2023-Q1,14258.66012970164,NUM,3,,,1
ABS:LABOUR_ACCT_Q(1.1),M19,AUS,TOTAL,20,Q,2023-Q2,14342.80428361523,NUM,3,,,1
ABS:LABOUR_ACCT_Q(1.1),M19,AUS,TOTAL,20,Q,2023-Q3,14402.45923022808,NUM,3,,,1
ABS:LABOUR_ACCT_Q(1.1),M19,AUS,TOTAL,20,Q,2023-Q4,14466.52700569643,NUM,3,,,1
ABS:LABOUR_ACCT_Q(1.1),M19,AUS,TOTAL,20,Q,2024-Q1,14544.50618587432,NUM,3,,,1
ABS:LABOUR_ACCT_Q(1.1),M19,AUS,TOTAL,20,Q,2024-Q2,14628.88190246391,NUM,3,,,1
ABS:LABOUR_ACCT_Q(1.1),M19,AUS,TOTAL,20,Q,2024-Q3,14749.74650799279,NUM,3,,,1
ABS:LABOUR_ACCT_Q(1.1),M19,AUS,TOTAL,20,Q,2024-Q4,14809.99281119875,NUM,3,,,1
ABS:LABOUR_ACCT_Q(1.1),M19,AUS,TOTAL,20,Q,2025-Q1,14843.14959479609,NUM,3,,,1
ABS:LABOUR_ACCT_Q(1.1),M19,AUS,TOTAL,20,Q,2025-Q2,14884.69751518608,NUM,3,,,1
ABS:LABOUR_ACCT_Q(1.1),M19,AUS,TOTAL,20,Q,2025-Q3,14926.53191184865,NUM,3,,,1
ABS:LABOUR_ACCT_Q(1.1),M19,AUS,TOTAL,20,Q,2025-Q4,15026.37337534456,NUM,3,,,1
ABS:LABOUR_ACCT_Q(1.1),M28,AUS,TOTAL,20,Q,1994-Q3,3596186.390069012,HR,3,,,1
ABS:LABOUR_ACCT_Q(1.1),M28,AUS,TOTAL,20,Q,1994-Q4,3595620.679275308,HR,3,,,1
ABS:LABOUR_ACCT_Q(1.1),M28,AUS,TOTAL,20,Q,1995-Q1,3635606.647141357,HR,3,,,1
ABS:LABOUR_ACCT_Q(1.1),M28,AUS,TOTAL,20,Q,1995-Q2,3695867.214067958,HR,3,,,1
ABS:LABOUR_ACCT_Q(1.1),M28,AUS,TOTAL,20,Q,1995-Q3,3710362.147544344,HR,3,,,1
ABS:LABOUR_ACCT_Q(1.1),M28,AUS,TOTAL,20,Q,1995-Q4,3717611.566202159,HR,3,,,1
ABS:LABOUR_ACCT_Q(1.1),M28,AUS,TOTAL,20,Q,1996-Q1,3729775.659374715,HR,3,,,1
ABS:LABOUR_ACCT_Q(1.1),M28,AUS,TOTAL,20,Q,1996-Q2,3717460.739962394,HR,3,,,1
ABS:LABOUR_ACCT_Q(1.1),M28,AUS,TOTAL,20,Q,1996-Q3,3726931.837472335,HR,3,,,1
ABS:LABOUR_ACCT_Q(1.1),M28,AUS,TOTAL,20,Q,1996-Q4,3724890.36489754,HR,3,,,1
ABS:LABOUR_ACCT_Q(1.1),M28,AUS,TOTAL,20,Q,1997-Q1,3743463.495902848,HR,3,,,1
ABS:LABOUR_ACCT_Q(1.1),M28,AUS,TOTAL,20,Q,1997-Q2,3741749.714723094,HR,3,,,1
ABS:LABOUR_ACCT_Q(1.1),M28,AUS,TOTAL,20,Q,1997-Q3,3735448.838525598,HR,3,,,1
ABS:LABOUR_ACCT_Q(1.1),M28,AUS,TOTAL,20,Q,1997-Q4,3772037.993210214,HR,3,,,1
ABS:LABOUR_ACCT_Q(1.1),M28,AUS,TOTAL,20,Q,1998-Q1,3769279.544347497,HR,3,,,1
ABS:LABOUR_ACCT_Q(1.1),M28,AUS,TOTAL,20,Q,1998-Q2,3796504.009922912,HR,3,,,1
ABS:LABOUR_ACCT_Q(1.1),M28,AUS,TOTAL,20,Q,1998-Q3,3780375.749742574,HR,3,,,1
ABS:LABOUR_ACCT_Q(1.1),M28,AUS,TOTAL,20,Q,1998-Q4,3817793.41269484,HR,3,,,1
ABS:LABOUR_ACCT_Q(1.1),M28,AUS,TOTAL,20,Q,1999-Q1,3816563.796916608,HR,3,,,1
ABS:LABOUR_ACCT_Q(1.1),M28,AUS,TOTAL,20,Q,1999-Q2,3826927.473945616,HR,3,,,1
ABS:LABOUR_ACCT_Q(1.1),M28,AUS,TOTAL,20,Q,1999-Q3,3863938.683972336,HR,3,,,1
ABS:LABOUR_ACCT_Q(1.1),M28,AUS,TOTAL,20,Q,1999-Q4,3933496.86812985,HR,3,,,1
ABS:LABOUR_ACCT_Q(1.1),M28,AUS,TOTAL,20,Q,2000-Q1,3938853.176101841,HR,3,,,1
ABS:LABOUR_ACCT_Q(1.1),M28,AUS,TOTAL,20,Q,2000-Q2,3978146.052862887,HR,3,,,1
ABS:LABOUR_ACCT_Q(1.1),M28,AUS,TOTAL,20,Q,2000-Q3,4004040.781155751,HR,3,,,1
ABS:LABOUR_ACCT_Q(1.1),M28,AUS,TOTAL,20,Q,2000-Q4,3940822.375444747,HR,3,,,1
ABS:LABOUR_ACCT_Q(1.1),M28,AUS,TOTAL,20,Q,2001-Q1,3929122.629424204,HR,3,,,1
ABS:LABOUR_ACCT_Q(1.1),M28,AUS,TOTAL,20,Q,2001-Q2,3952023.004954743,HR,3,,,1
ABS:LABOUR_ACCT_Q(1.1),M28,AUS,TOTAL,20,Q,2001-Q3,3944150.796896045,HR,3,,,1
ABS:LABOUR_ACCT_Q(1.1),M28,AUS,TOTAL,20,Q,2001-Q4,3958144.627982901,HR,3,,,1
ABS:LABOUR_ACCT_Q(1.1),M28,AUS,TOTAL,20,Q,2002-Q1,3973887.471883588,HR,3,,,1
ABS:LABOUR_ACCT_Q(1.1),M28,AUS,TOTAL,20,Q,2002-Q2,3978750.19202716,HR,3,,,1
ABS:LABOUR_ACCT_Q(1.1),M28,AUS,TOTAL,20,Q,2002-Q3,4010493.915491532,HR,3,,,1
ABS:LABOUR_ACCT_Q(1.1),M28,AUS,TOTAL,20,Q,2002-Q4,4045659.033660839,HR,3,,,1
ABS:LABOUR_ACCT_Q(1.1),M28,AUS,TOTAL,20,Q,2003-Q1,4068333.044601724,HR,3,,,1
ABS:LABOUR_ACCT_Q(1.1),M28,AUS,TOTAL,20,Q,2003-Q2,4074720.64457399,HR,3,,,1
ABS:LABOUR_ACCT_Q(1.1),M28,AUS,TOTAL,20,Q,2003-Q3,4076801.557213081,HR,3,,,1
ABS:LABOUR_ACCT_Q(1.1),M28,AUS,TOTAL,20,Q,2003-Q4,4106755.854661949,HR,3,,,1
ABS:LABOUR_ACCT_Q(1.1),M28,AUS,TOTAL,20,Q,2004-Q1,4112240.859903709,HR,3,,,1
ABS:LABOUR_ACCT_Q(1.1),M28,AUS,TOTAL,20,Q,2004-Q2,4130465.48190849,HR,3,,,1
ABS:LABOUR_ACCT_Q(1.1),M28,AUS,TOTAL,20,Q,2004-Q3,4141588.468285359,HR,3,,,1
ABS:LABOUR_ACCT_Q(1.1),M28,AUS,TOTAL,20,Q,2004-Q4,4198044.729319664,HR,3,,,1
ABS:LABOUR_ACCT_Q(1.1),M28,AUS,TOTAL,20,Q,2005-Q1,4261830.029833327,HR,3,,,1
ABS:LABOUR_ACCT_Q(1.1),M28,AUS,TOTAL,20,Q,2005-Q2,4291184.317555972,HR,3,,,1
ABS:LABOUR_ACCT_Q(1.1),M28,AUS,TOTAL,20,Q,2005-Q3,4296856.856073501,HR,3,,,1
ABS:LABOUR_ACCT_Q(1.1),M28,AUS,TOTAL,20,Q,2005-Q4,4284321.552910061,HR,3,,,1
ABS:LABOUR_ACCT_Q(1.1),M28,AUS,TOTAL,20,Q,2006-Q1,4294250.116939605,HR,3,,,1
ABS:LABOUR_ACCT_Q(1.1),M28,AUS,TOTAL,20,Q,2006-Q2,4343536.870225973,HR,3,,,1
ABS:LABOUR_ACCT_Q(1.1),M28,AUS,TOTAL,20,Q,2006-Q3,4396453.316333642,HR,3,,,1
ABS:LABOUR_ACCT_Q(1.1),M28,AUS,TOTAL,20,Q,2006-Q4,4423148.405321386,HR,3,,,1
ABS:LABOUR_ACCT_Q(1.1),M28,AUS,TOTAL,20,Q,2007-Q1,4434706.423827549,HR,3,,,1
ABS:LABOUR_ACCT_Q(1.1),M28,AUS,TOTAL,20,Q,2007-Q2,4479313.919949764,HR,3,,,1
ABS:LABOUR_ACCT_Q(1.1),M28,AUS,TOTAL,20,Q,2007-Q3,4504574.833905441,HR,3,,,1
ABS:LABOUR_ACCT_Q(1.1),M28,AUS,TOTAL,20,Q,2007-Q4,4562643.577639551,HR,3,,,1
ABS:LABOUR_ACCT_Q(1.1),M28,AUS,TOTAL,20,Q,2008-Q1,4581453.471030889,HR,3,,,1
ABS:LABOUR_ACCT_Q(1.1),M28,AUS,TOTAL,20,Q,2008-Q2,4636355.250563367,HR,3,,,1
ABS:LABOUR_ACCT_Q(1.1),M28,AUS,TOTAL,20,Q,2008-Q3,4659902.969152444,HR,3,,,1
ABS:LABOUR_ACCT_Q(1.1),M28,AUS,TOTAL,20,Q,2008-Q4,4628549.898404752,HR,3,,,1
ABS:LABOUR_ACCT_Q(1.1),M28,AUS,TOTAL,20,Q,2009-Q1,4607174.837591041,HR,3,,,1
ABS:LABOUR_ACCT_Q(1.1),M28,AUS,TOTAL,20,Q,2009-Q2,4570668.632265903,HR,3,,,1
ABS:LABOUR_ACCT_Q(1.1),M28,AUS,TOTAL,20,Q,2009-Q3,4557521.248380367,HR,3,,,1
ABS:LABOUR_ACCT_Q(1.1),M28,AUS,TOTAL,20,Q,2009-Q4,4607765.873347448,HR,3,,,1
ABS:LABOUR_ACCT_Q(1.1),M28,AUS,TOTAL,20,Q,2010-Q1,4623982.934608087,HR,3,,,1
ABS:LABOUR_ACCT_Q(1.1),M28,AUS,TOTAL,20,Q,2010-Q2,4679958.346317324,HR,3,,,1
ABS:LABOUR_ACCT_Q(1.1),M28,AUS,TOTAL,20,Q,2010-Q3,4698563.89132103,HR,3,,,1
ABS:LABOUR_ACCT_Q(1.1),M28,AUS,TOTAL,20,Q,2010-Q4,4738238.408663694,HR,3,,,1
ABS:LABOUR_ACCT_Q(1.1),M28,AUS,TOTAL,20,Q,2011-Q1,4788145.292485368,HR,3,,,1
ABS:LABOUR_ACCT_Q(1.1),M28,AUS,TOTAL,20,Q,2011-Q2,4762186.185884925,HR,3,,,1
ABS:LABOUR_ACCT_Q(1.1),M28,AUS,TOTAL,20,Q,2011-Q3,4776598.96335459,HR,3,,,1
ABS:LABOUR_ACCT_Q(1.1),M28,AUS,TOTAL,20,Q,2011-Q4,4805235.737559052,HR,3,,,1
ABS:LABOUR_ACCT_Q(1.1),M28,AUS,TOTAL,20,Q,2012-Q1,4822912.182243138,HR,3,,,1
ABS:LABOUR_ACCT_Q(1.1),M28,AUS,TOTAL,20,Q,2012-Q2,4821936.241134591,HR,3,,,1
ABS:LABOUR_ACCT_Q(1.1),M28,AUS,TOTAL,20,Q,2012-Q3,4809956.972154667,HR,3,,,1
ABS:LABOUR_ACCT_Q(1.1),M28,AUS,TOTAL,20,Q,2012-Q4,4831271.362911665,HR,3,,,1
ABS:LABOUR_ACCT_Q(1.1),M28,AUS,TOTAL,20,Q,2013-Q1,4836870.134864317,HR,3,,,1
ABS:LABOUR_ACCT_Q(1.1),M28,AUS,TOTAL,20,Q,2013-Q2,4863193.824726912,HR,3,,,1
ABS:LABOUR_ACCT_Q(1.1),M28,AUS,TOTAL,20,Q,2013-Q3,4873409.265405274,HR,3,,,1
ABS:LABOUR_ACCT_Q(1.1),M28,AUS,TOTAL,20,Q,2013-Q4,4853083.60632638,HR,3,,,1
ABS:LABOUR_ACCT_Q(1.1),M28,AUS,TOTAL,20,Q,2014-Q1,4847930.238697965,HR,3,,,1
ABS:LABOUR_ACCT_Q(1.1),M28,AUS,TOTAL,20,Q,2014-Q2,4874709.170557332,HR,3,,,1
ABS:LABOUR_ACCT_Q(1.1),M28,AUS,TOTAL,20,Q,2014-Q3,4880933.722134174,HR,3,,,1
ABS:LABOUR_ACCT_Q(1.1),M28,AUS,TOTAL,20,Q,2014-Q4,4872391.344246882,HR,3,,,1
ABS:LABOUR_ACCT_Q(1.1),M28,AUS,TOTAL,20,Q,2015-Q1,4924701.8285503,HR,3,,,1
ABS:LABOUR_ACCT_Q(1.1),M28,AUS,TOTAL,20,Q,2015-Q2,4942295.212270604,HR,3,,,1
ABS:LABOUR_ACCT_Q(1.1),M28,AUS,TOTAL,20,Q,2015-Q3,4965545.336212286,HR,3,,,1
ABS:LABOUR_ACCT_Q(1.1),M28,AUS,TOTAL,20,Q,2015-Q4,4993955.13246309,HR,3,,,1
ABS:LABOUR_ACCT_Q(1.1),M28,AUS,TOTAL,20,Q,2016-Q1,5010629.098932747,HR,3,,,1
ABS:LABOUR_ACCT_Q(1.1),M28,AUS,TOTAL,20,Q,2016-Q2,5002155.981636959,HR,3,,,1
ABS:LABOUR_ACCT_Q(1.1),M28,AUS,TOTAL,20,Q,2016-Q3,5022213.062900894,HR,3,,,1
ABS:LABOUR_ACCT_Q(1.1),M28,AUS,TOTAL,20,Q,2016-Q4,5039280.70939558,HR,3,,,1
ABS:LABOUR_ACCT_Q(1.1),M28,AUS,TOTAL,20,Q,2017-Q1,5093634.282715667,HR,3,,,1
ABS:LABOUR_ACCT_Q(1.1),M28,AUS,TOTAL,20,Q,2017-Q2,5132374.034754599,HR,3,,,1
ABS:LABOUR_ACCT_Q(1.1),M28,AUS,TOTAL,20,Q,2017-Q3,5161926.760648198,HR,3,,,1
ABS:LABOUR_ACCT_Q(1.1),M28,AUS,TOTAL,20,Q,2017-Q4,5198467.689813588,HR,3,,,1
ABS:LABOUR_ACCT_Q(1.1),M28,AUS,TOTAL,20,Q,2018-Q1,5203725.425245293,HR,3,,,1
ABS:LABOUR_ACCT_Q(1.1),M28,AUS,TOTAL,20,Q,2018-Q2,5243511.555854136,HR,3,,,1
ABS:LABOUR_ACCT_Q(1.1),M28,AUS,TOTAL,20,Q,2018-Q3,5269701.982281766,HR,3,,,1
ABS:LABOUR_ACCT_Q(1.1),M28,AUS,TOTAL,20,Q,2018-Q4,5282173.319864983,HR,3,,,1
ABS:LABOUR_ACCT_Q(1.1),M28,AUS,TOTAL,20,Q,2019-Q1,5346376.85909279,HR,3,,,1
ABS:LABOUR_ACCT_Q(1.1),M28,AUS,TOTAL,20,Q,2019-Q2,5333761.980447688,HR,3,,,1
ABS:LABOUR_ACCT_Q(1.1),M28,AUS,TOTAL,20,Q,2019-Q3,5361111.253614181,HR,3,,,1
ABS:LABOUR_ACCT_Q(1.1),M28,AUS,TOTAL,20,Q,2019-Q4,5355316.199243816,HR,3,,,1
ABS:LABOUR_ACCT_Q(1.1),M28,AUS,TOTAL,20,Q,2020-Q1,5290935.311319423,HR,3,,,1
ABS:LABOUR_ACCT_Q(1.1),M28,AUS,TOTAL,20,Q,2020-Q2,4866069.561414169,HR,3,,,1
ABS:LABOUR_ACCT_Q(1.1),M28,AUS,TOTAL,20,Q,2020-Q3,5080083.2843032,HR,3,,,1
ABS:LABOUR_ACCT_Q(1.1),M28,AUS,TOTAL,20,Q,2020-Q4,5222902.063579537,HR,3,,,1
ABS:LABOUR_ACCT_Q(1.1),M28,AUS,TOTAL,20,Q,2021-Q1,5272389.094395159,HR,3,,,1
ABS:LABOUR_ACCT_Q(1.1),M28,AUS,TOTAL,20,Q,2021-Q2,5358871.850248954,HR,3,,,1
ABS:LABOUR_ACCT_Q(1.1),M28,AUS,TOTAL,20,Q,2021-Q3,5222595.28806855,HR,3,,,1
ABS:LABOUR_ACCT_Q(1.1),M28,AUS,TOTAL,20,Q,2021-Q4,5353693.803139869,HR,3,,,1
ABS:LABOUR_ACCT_Q(1.1),M28,AUS,TOTAL,20,Q,2022-Q1,5368583.796239086,HR,3,,,1
ABS:LABOUR_ACCT_Q(1.1),M28,AUS,TOTAL,20,Q,2022-Q2,5548625.731772675,HR,3,,,1
ABS:LABOUR_ACCT_Q(1.1),M28,AUS,TOTAL,20,Q,2022-Q3,5640062.91722677,HR,3,,,1
ABS:LABOUR_ACCT_Q(1.1),M28,AUS,TOTAL,20,Q,2022-Q4,5753749.082368572,HR,3,,,1
ABS:LABOUR_ACCT_Q(1.1),M28,AUS,TOTAL,20,Q,2023-Q1,5809800.739841335,HR,3,,,1
ABS:LABOUR_ACCT_Q(1.1),M28,AUS,TOTAL,20,Q,2023-Q2,5912117.692263275,HR,3,,,1
ABS:LABOUR_ACCT_Q(1.1),M28,AUS,TOTAL,20,Q,2023-Q3,5861243.071531448,HR,3,,,1
ABS:LABOUR_ACCT_Q(1.1),M28,AUS,TOTAL,20,Q,2023-Q4,5830682.555126683,HR,3,,,1
ABS:LABOUR_ACCT_Q(1.1),M28,AUS,TOTAL,20,Q,2024-Q1,5833327.292742865,HR,3,,,1
ABS:LABOUR_ACCT_Q(1.1),M28,AUS,TOTAL,20,Q,2024-Q2,5890644.175801928,HR,3,,,1
ABS:LABOUR_ACCT_Q(1.1),M28,AUS,TOTAL,20,Q,2024-Q3,5943658.913003171,HR,3,,,1
ABS:LABOUR_ACCT_Q(1.1),M28,AUS,TOTAL,20,Q,2024-Q4,5962469.945513465,HR,3,,,1
ABS:LABOUR_ACCT_Q(1.1),M28,AUS,TOTAL,20,Q,2025-Q1,5977807.668505324,HR,3,,,1
ABS:LABOUR_ACCT_Q(1.1),M28,AUS,TOTAL,20,Q,2025-Q2,5991815.297058101,HR,3,,,1
ABS:LABOUR_ACCT_Q(1.1),M28,AUS,TOTAL,20,Q,2025-Q3,6008821.480750779,HR,3,,,1
ABS:LABOUR_ACCT_Q(1.1),M28,AUS,TOTAL,20,Q,2025-Q4,6053794.788167686,HR,3,,,1
